﻿<?xml version="1.0" encoding="utf-8"?>
<Window caption="0,0,0,40" size="400,195" showshadow="true" shadowimage="main/shadow.png" shadowsize="6" shadowcorner="8,8,8,8">
  <Font id="0" name="微软雅黑" size="12" default="true"/>
  <Font id="1" name="微软雅黑" size="14"/>

  <VerticalLayout bkcolor="#FF666666">
    <HorizontalLayout name="appbar" height="36" inset="6,-1" bkcolor="#FF202223">
    	<Label name="MessageTitle" valign="vcenter" text="TIPS" textcolor="#FFFFFFFF" font="1" />
      <Button name="closebtn" width="39" height="20" tooltip="CLOSE" normalimage="file='sysbtn/btn_close_normal.png'" hotimage="file='sysbtn/btn_close_highlight.png'" pushedimage="file='sysbtn/btn_close_down.png'"/>
    </HorizontalLayout>
    <VerticalLayout inset="20,10,20,10">
      <Label name="MessageText" textcolor="#FFFFFFFF" font="1" align="left" valign="vcenter"/>
    </VerticalLayout>
  </VerticalLayout>
</Window>